Codigo;Nombre del producto;Empresa;Tamano detectado;Unidad;Como se detecto;Uds por pallet
ADSP-00002;ALYSTIN x 1 Lt.;ADILSON SABEC PERES;1.0;lt;x;600
ADSP-00004;CALLIQUAT 200 SL (200)L_BO_UPLHK (5170113);ADILSON SABEC PERES;200.0;lt;corregido por Harold;800
ADSP-00005;CALLIQUAT 200 SL 20L (5030122);ADILSON SABEC PERES;20.0;lt;corregido por Harold;960
ADSP-00006;CAMPEON (2,4D-ACID 720G/L SL) 20L_BO_TP (5170112);ADILSON SABEC PERES;20.0;lt;corregido por Harold;960
ADSP-00007;COMITE X 5 Lts.;ADILSON SABEC PERES;5.0;lt;x;720
ADSP-00008;CRIPTON XPRO x 5 Lts.;ADILSON SABEC PERES;5.0;lt;x;720
ADSP-00009;FRONTERA (Fipronil 800WG) X 1 Kg. (5170050);ADILSON SABEC PERES;1.0;kg;x;600
ADSP-00010;GOLIATH x 5 Lts.;ADILSON SABEC PERES;5.0;lt;x;720
ADSP-00011;GRAMUQUAT X 20 Lts.;ADILSON SABEC PERES;20.0;lt;x;960
ADSP-00012;K-FOL X 10 Kgs;ADILSON SABEC PERES;10.0;kg;x;600
ADSP-00013;KOSAKO (Cletodim 240EC)_5L_BO_TP(5901671);ADILSON SABEC PERES;5.0;lt;corregido por Harold;720
ADSP-00014;LASCAR X 10 Lts.;ADILSON SABEC PERES;10.0;lt;x;720
ADSP-00015;LUSACK 5% EC x 5 Lts.;ADILSON SABEC PERES;5.0;lt;x;720
ADSP-00016;LUXOR x 5 Lts.;ADILSON SABEC PERES;5.0;lt;x;720
ADSP-00017;MELCOR X 20 Lts.;ADILSON SABEC PERES;20.0;lt;x;960
ADSP-00018;MICROTHIOL (SULPHUR 80%WDG) 10X1 KG_BO (6302756);ADILSON SABEC PERES;1.0;kg;corregido por Harold;600
ADSP-00019;OPTIMAT X 1 LT;ADILSON SABEC PERES;1.0;lt;x;600
ADSP-00020;PRODENCE P37.5+MZ525+A37.5 WG 10 Kg. PY(6306451);ADILSON SABEC PERES;10.0;kg;suelto;960
ADSP-00021;PULSAR X 5 Lts.(LAMDA 5%EC)_BO_HK(5900678);ADILSON SABEC PERES;5.0;lt;x;720
ADSP-00022;PYTON x 20 LTS.;ADILSON SABEC PERES;20.0;lt;x;960
ADSP-00023;RAIZAL 400 (1x10KG9)_BOL(6031822);ADILSON SABEC PERES;10.0;kg;corregido por Harold;960
ADSP-00024;RENO X 500 grs.;ADILSON SABEC PERES;500.0;gr;x;600
ADSP-00025;ROCKOT EXTRA x 1 Kg.;ADILSON SABEC PERES;1.0;kg;x;600
ADSP-00026;SOYAFLAG X 5 Lts;ADILSON SABEC PERES;5.0;lt;x;720
ADSP-00027;SPERTO (BIFEN 25%+ACETA 25%WG) 1KG_BO (6303068);ADILSON SABEC PERES;1.0;kg;corregido por Harold;960
ADSP-00028;STRIM (S-METOLACHLOR 960EC)4x5Lt_BO (6303840);ADILSON SABEC PERES;5.0;lt;corregido por Harold;720
ADSP-00029;TERRANO MAX x 10 Kgs.;ADILSON SABEC PERES;10.0;kg;x;600
ADSP-00030;TRICOR (METRIBUZIN 48%SC) 2x5LTR_BO (6303927);ADILSON SABEC PERES;5.0;lt;corregido por Harold;720
ADSP-00031;TRICOR X 5 Lts.;ADILSON SABEC PERES;5.0;lt;x;720
ADSP-00032;UNIZEB (MANCOZEB 80WP) X 25KG BO (6181651);ADILSON SABEC PERES;25.0;kg;x;600
ADSP-00033;UNIZEB GOLD (MANCOZEB750WG) 15 KG BAG_BO (6304327);ADILSON SABEC PERES;15.0;kg;suelto;600
ADSP-00034;UNIZEB GOLD X 15 Kgs.;ADILSON SABEC PERES;15.0;kg;x;600
ADSP-00035;UNIZEB UPLIIFT TRIO (MCZPTH TRF 602WG)10 Kg_BO (6398675);ADILSON SABEC PERES;10.0;kg;corregido por Harold;960
ADSP-00036;UP STAGE (CLOMAZONE 50%EC) 5 Lts_BO (751070);ADILSON SABEC PERES;5.0;lt;corregido por Harold;720
ADSP-00037;UPLIFT TRIO X 10 Kg.;ADILSON SABEC PERES;10.0;kg;x;960
ADSP-00038;VESSARYA x 6 Lts.;ADILSON SABEC PERES;6.0;lt;x;720
ADSP-00039;WEEDCLEAR X 5 Lt.;ADILSON SABEC PERES;5.0;lt;x;720
ADSP-00040;ZEKROM x 20 Lts.;ADILSON SABEC PERES;20.0;lt;x;960
AGRO-00001;CAMPEON X 5 Lts (2,4D- ACID 720G/L SL) (5901449);AGROCALY SRL;5.0;lt;x;720
AGRO-00002;FITOBOLIC 5 L (4X5 L) (6032208);AGROCALY SRL;5.0;lt;corregido por Harold;720
AGRO-00003;K-INTENS_10 Kg. POR BOLSA_ PY (6031233);AGROCALY SRL;10.0;kg;suelto;600
AGRO-00004;KOSAKO (Cletodim 240EC)_5L_BO_TP(5901671);AGROCALY SRL;5.0;lt;corregido por Harold;720
AGRO-00005;LASCAR (CPP 48%EC) 10 L_TP (6609023);AGROCALY SRL;10.0;lt;corregido por Harold;720
AGRO-00006;PULSAR X 5 Lts.(LAMDA 5%EC)_BO_HK(5900678);AGROCALY SRL;5.0;lt;x;720
AGRO-00007;RENO (THIAMETHOXAN 70 WDG X 500 GR (5170114);AGROCALY SRL;500.0;gr;x;600
AGRO-00008;SPERTO (BIFEN 25%+ACETA 25%WG) 1KG_BO (6303068);AGROCALY SRL;1.0;kg;corregido por Harold;960
AGRO-00009;TSUNAMI (FLUROXYPYR 200EC)_5LT_BO (5900577);AGROCALY SRL;5.0;lt;corregido por Harold;720
AGRO-00010;UNIZEB (MANCOZEB 80WP) X 25KG BO (6181651);AGROCALY SRL;25.0;kg;x;600
AGUA-00001;CAMPEON (2,4D-ACID 720G/L SL) 20L_BO_TP (5170112);AGROPECUARIA GUANANDI SRL (TEC;20.0;lt;corregido por Harold;960
AGUA-00002;KOSAKO (Cletodim 240EC)_5L_BO_TP(5901671);AGROPECUARIA GUANANDI SRL (TEC;5.0;lt;corregido por Harold;720
ANEU-00001;PYTON x 20 LTS.;AGRO NEULAND DEL SUR SRL;20.0;lt;x;960
APAR-00001;CLEVER x 20 Lts.;AGRO PARCEL;20.0;lt;x;960
APAR-00002;GODZILLA X 5 Lts.;AGRO PARCEL;5.0;lt;x;720
APAR-00003;JADE x 5 Lts.;AGRO PARCEL;5.0;lt;x;720
APAR-00004;KING KONG X 1 Kg.;AGRO PARCEL;1.0;kg;x;600
APAR-00005;LINKER X 20 Lts;AGRO PARCEL;20.0;lt;x;960
APAR-00006;OPRESSOR X 1 Lt.;AGRO PARCEL;1.0;lt;x;600
APAR-00007;RAINBOW-METRINA x 20 Lts.;AGRO PARCEL;20.0;lt;x;960
APAR-00008;RAZOR X 20 Lts.;AGRO PARCEL;20.0;lt;x;960
APAR-00009;SHARP X 20 Lts.;AGRO PARCEL;20.0;lt;x;960
ARIO-00001;BOLSAS DE TORTA DE SOYA;AGRICOLA RIO VICTORIA SRL;;uds (sin presentacion);uds (confirmado por Harold);1000
AURV-00001;PROSOY TRIO x 5 Lt.;AUBREY REINALDO VIRICA;5.0;lt;x;720
AURV-00002;PYTON x 20 LTS.;AUBREY REINALDO VIRICA;20.0;lt;x;960
AURV-00003;TODYM TOP X 20 LTS;AUBREY REINALDO VIRICA;20.0;lt;x;960
BEND-00002;FITOBOLIC 5 L (4X5 L) (6032208);LA BENDECIDA SRL;5.0;lt;corregido por Harold;720
BEND-00003;KALACH MAX 75.7% X 10 Kgs. (5030126);LA BENDECIDA SRL;10.0;kg;x;600
BEND-00004;LANCER 97 DF(Acephate 97%DF) 1KG_BO(692059);LA BENDECIDA SRL;1.0;kg;corregido por Harold;960
BEND-00005;SPERTO (BIFEN 25%+ACETA 25%WG) 1KG_BO (6303068);LA BENDECIDA SRL;1.0;kg;corregido por Harold;960
BEND-00006;TRICOR (METRIBUZIN 48%SC) 2x5LTR_BO (6303927);LA BENDECIDA SRL;5.0;lt;corregido por Harold;720
BEND-00008;UP STAGE (CLOMAZONE 50%EC) 5 Lts_BO (751070);LA BENDECIDA SRL;5.0;lt;corregido por Harold;720
DAWD-00001;CAMPEON (2,4D-ACID 720G/L SL) 20L_BO_TP (5170112);DAVID WIEBE DYCK;20.0;lt;corregido por Harold;960
DAWD-00002;CAMPEON X 5 Lts (2,4D- ACID 720G/L SL) (5901449);DAVID WIEBE DYCK;5.0;lt;x;720
DAWD-00003;FRONTERA (Fipronil 800WG) X 1 Kg. (5170050);DAVID WIEBE DYCK;1.0;kg;x;600
DAWD-00004;GAINEXA - 1Lt_NI (5120374);DAVID WIEBE DYCK;1.0;lt;corregido por Harold;600
DAWD-00005;K-INTENS_10 Kg. POR BOLSA_ PY (6031233);DAVID WIEBE DYCK;10.0;kg;suelto;600
DAWD-00006;PULSAR X 5 Lts.(LAMDA 5%EC)_BO_HK(5900678);DAVID WIEBE DYCK;5.0;lt;x;720
DAWD-00007;TRICOR (METRIBUZIN 48%SC) 2x5LTR_BO (6303927);DAVID WIEBE DYCK;5.0;lt;corregido por Harold;720
DAWD-00008;TSUNAMI (FLUROXYPYR 200EC)_5LT_BO (5900577);DAVID WIEBE DYCK;5.0;lt;corregido por Harold;720
DAWD-00009;UNIZEB (MANCOZEB 80WP) X 25KG BO (6181651);DAVID WIEBE DYCK;25.0;kg;x;600
DAWD-00010;UP STAGE (CLOMAZONE 50%EC) 5 Lts_BO (751070);DAVID WIEBE DYCK;5.0;lt;corregido por Harold;720
DEBA-00001;KALACH MAX 75.7% X 10 Kgs. (5030126);DENIS BARBIERI;10.0;kg;x;600
DEBA-00002;K-INTENS_10 Kg. POR BOLSA_ PY (6031233);DENIS BARBIERI;10.0;kg;suelto;600
DEBA-00003;LIFELINE MEGA EX20 (6398908);DENIS BARBIERI;20.0;lt;corregido por Harold;960
DEBA-00004;STRIM (S-METOLACHLOR 960EC)4x5Lt_BO (6303840);DENIS BARBIERI;5.0;lt;corregido por Harold;720
DEBA-00006;UNIZEB GOLD (MANCOZEB750WG) 15 KG BAG_BO (6304327);DENIS BARBIERI;15.0;kg;suelto;600
DEBA-00007;UNIZEB UPLIIFT TRIO (MCZPTH TRF 602WG)10 Kg_BO (6398675);DENIS BARBIERI;10.0;kg;corregido por Harold;960
DISA-00001;DISAPHOS CA x 50 KGS;DISAN SRL;50.0;kg;x;1000
DISA-00002;EVOLUTION BOL X 20 LTS;DISAN SRL;20.0;lt;x;960
DISA-00003;EVOLUTION BOL X 4 LTS;DISAN SRL;4.0;lt;x;720
DISA-00004;FERTILEAF 20-20-20 x 1 LT;DISAN SRL;1.0;lt;corregido por Harold;600
DISA-00005;FERTILEAF 20-20-20 x 20 LTS;DISAN SRL;20.0;lt;corregido por Harold;960
DISA-00006;FERTILEAF CA+B+ZN x 1 LT;DISAN SRL;1.0;lt;x;600
DISA-00007;FERTILEAF CA+B+ZN x 20 LTS;DISAN SRL;20.0;lt;x;960
DISA-00008;FERTILEAF FOSFORO x 20 LTS;DISAN SRL;20.0;lt;x;960
DISA-00009;FERTILEAF POTASIO x 20 LTS;DISAN SRL;20.0;lt;x;960
DISA-00010;FOLICIST BOL X 1 Lt.;DISAN SRL;1.0;lt;x;600
DISA-00011;FOLICIST BOL X 250 ML;DISAN SRL;250.0;ml;x;1000
DISA-00012;K-BOMBERS56 BOL X 10 Kgs.;DISAN SRL;10.0;kg;x;600
DISA-00013;MANVERT ESTIMULATE PLUS X 1 Lt.;DISAN SRL;1.0;lt;x;600
DISA-00014;MANVERT ESTIMULATE PLUS x 20 LtS.;DISAN SRL;20.0;lt;x;960
DISA-00015;MANVERT ESTIMULATE PLUS X 5 Lts.;DISAN SRL;5.0;lt;x;720
DISA-00016;MANVERT OCEAN X 1 Lt.;DISAN SRL;1.0;lt;x;600
DISA-00017;MANVERT OCEAN X 20 Lts.;DISAN SRL;20.0;lt;x;960
DISA-00018;MANVERT OCEAN X 5 Lt.;DISAN SRL;5.0;lt;x;720
DISA-00019;MANVERT OPTIM-PH x 1 Lt.;DISAN SRL;1.0;lt;x;600
DISA-00020;MANVERT OPTIM-PH x 20 Lts.;DISAN SRL;20.0;lt;x;960
DISA-00021;MANVERT OPTIM-PH X 5 Lts.;DISAN SRL;5.0;lt;x;720
DISA-00022;MICROFOL COMBI BOL X 1 Lt.;DISAN SRL;1.0;lt;x;600
DISA-00023;MICROFOL COMBI BOL X 10 Kgs.;DISAN SRL;10.0;kg;x;600
DISA-00024;MICROFOL COMBI BOL X 250 ML;DISAN SRL;250.0;ml;x;1000
DISA-00025;PATENKALI x 50 KGS.;DISAN SRL;50.0;kg;x;1000
DISA-00027;FERTILEAF POTASIO x 1 LT;DISAN SRL;1.0;lt;x;600
FOLC-00001;FERTIFOL X 20 Lts.;FOLCOL S.A.S;20.0;lt;x;960
FOLC-00002;FERTIFOL X 4 Lts.;FOLCOL S.A.S;4.0;lt;x;720
FOLC-00003;FOLCAL x 20 Lts.;FOLCOL S.A.S;20.0;lt;x;960
FOLC-00004;FOLKABO X 20 Kgs.;FOLCOL S.A.S;20.0;kg;x;960
FOLC-00005;FOSKAPRIM X 20 Lt.;FOLCOL S.A.S;20.0;lt;x;960
FOLC-00006;KINEFOL X 20 Lts.;FOLCOL S.A.S;20.0;lt;x;960
FOLC-00007;KINEFOL X 4 Lts.;FOLCOL S.A.S;4.0;lt;x;720
FOLC-00008;NUTRIFOX X 20 Kgs.;FOLCOL S.A.S;20.0;kg;x;960
FOLC-00009;VITAFOL X 20 Lts.;FOLCOL S.A.S;20.0;lt;x;960
GATB-00004;CALCIBO x 5 Kgs;ALMACEN G.A.T BOLIVIA;5.0;kg;x;720
GATB-00006;NUTRIGROW 13-12-5 NPK x 20 LT.;ALMACEN G.A.T BOLIVIA;20.0;lt;x;960
GATB-00009;OPTIMUS B x 5 Lt.;ALMACEN G.A.T BOLIVIA;5.0;lt;x;720
GATB-00015;SOLDENSO POTASIO K80 x 10 Kgs.;ALMACEN G.A.T BOLIVIA;10.0;kg;corregido por Harold;720
GATB-00018;COBRESTAR x 5 Lts;ALMACEN G.A.T BOLIVIA;5.0;lt;x;720
JAMF-00001;CAMPEON (2,4D-ACID 720G/L SL) 20L_BO_TP (5170112);JACOBO MARTENS FRIESEN;20.0;lt;corregido por Harold;960
JAMF-00002;CAMPEON X 5 Lts (2,4D- ACID 720G/L SL) (5901449);JACOBO MARTENS FRIESEN;5.0;lt;x;720
JAMF-00003;FITOBOLIC 5 L (4X5 L) (6032208);JACOBO MARTENS FRIESEN;5.0;lt;corregido por Harold;720
JAMF-00004;FRONTERA (Fipronil 800WG) X 1 Kg. (5170050);JACOBO MARTENS FRIESEN;1.0;kg;x;600
JAMF-00005;GAINEXA - 1Lt_NI (5120374);JACOBO MARTENS FRIESEN;1.0;lt;corregido por Harold;600
JAMF-00006;K-INTENS_10 Kg. POR BOLSA_ PY (6031233);JACOBO MARTENS FRIESEN;10.0;kg;suelto;600
JAMF-00007;KOSAKO (Cletodim 240EC)_5L_BO_TP(5901671);JACOBO MARTENS FRIESEN;5.0;lt;corregido por Harold;720
JAMF-00008;PULSAR X 5 Lts.(LAMDA 5%EC)_BO_HK(5900678);JACOBO MARTENS FRIESEN;5.0;lt;x;720
JAMF-00009;SPERTO (BIFEN 25%+ACETA 25%WG) 1KG_BO (6303068);JACOBO MARTENS FRIESEN;1.0;kg;corregido por Harold;960
JAMF-00010;UNIZEB (MANCOZEB 80WP) X 25KG BO (6181651);JACOBO MARTENS FRIESEN;25.0;kg;x;600
MAXI-00001;2.4D DOL x 20 Lts.;MAXIAGRO SRL;20.0;lt;x;960
MAXI-00002;ABAMECTIX x 20 Lts.;MAXIAGRO SRL;20.0;lt;x;960
MAXI-00003;ABAMECTIX X 5 Lts.;MAXIAGRO SRL;5.0;lt;x;720
MAXI-00004;AZOCYPRONACON 28 x 5 Lts.;MAXIAGRO SRL;5.0;lt;corregido por Harold;720
MAXI-00005;BASTNTE X 20 Lts.;MAXIAGRO SRL;20.0;lt;x;960
MAXI-00006;BUPROFEZIX X5 Lts.;MAXIAGRO SRL;5.0;lt;x;720
MAXI-00007;CALSICO PLUS X 500 Grs;MAXIAGRO SRL;500.0;gr;x;600
MAXI-00008;CANCORE x 500 Gr.;MAXIAGRO SRL;500.0;gr;x;600
MAXI-00009;CAPTURE x 5 Lt.;MAXIAGRO SRL;5.0;lt;x;720
MAXI-00010;CLEHOSOL x 5 Lts.;MAXIAGRO SRL;5.0;lt;x;720
MAXI-00011;CLORPIRIFOS 48 EC x 20 Lt.;MAXIAGRO SRL;20.0;lt;x;960
MAXI-00012;CLORPIRIX X 5 Lts.;MAXIAGRO SRL;5.0;lt;x;720
MAXI-00013;CT-GREEN x 20 Lts.;MAXIAGRO SRL;20.0;lt;x;960
MAXI-00014;DELETE X 5 Lts.;MAXIAGRO SRL;5.0;lt;x;720
MAXI-00015;EMBATE X 10 Kgs.;MAXIAGRO SRL;10.0;kg;x;600
MAXI-00016;FIPRONIX x 500 Grs.;MAXIAGRO SRL;500.0;gr;x;600
MAXI-00017;FLUNOVASOL X 1 Lt.;MAXIAGRO SRL;1.0;lt;x;600
MAXI-00018;FLUNOVASOL X 5 Lts.;MAXIAGRO SRL;5.0;lt;x;720
MAXI-00019;FLUROXIPOL X 20 Lts.;MAXIAGRO SRL;20.0;lt;x;960
MAXI-00020;FLUROXIPOL X 5 Lts;MAXIAGRO SRL;5.0;lt;x;720
MAXI-00021;FOMEFLAG X 5 Lts;MAXIAGRO SRL;5.0;lt;x;720
MAXI-00022;GLIFONOL 60 x 20 Lts.;MAXIAGRO SRL;20.0;lt;corregido por Harold;960
MAXI-00023;HIYIELD B150 X 20 Lts.;MAXIAGRO SRL;20.0;lt;corregido por Harold;960
MAXI-00024;HIYIELD B150 X 5 LTS;MAXIAGRO SRL;5.0;lt;corregido por Harold;720
MAXI-00025;HIYIELD K 500 X 20 LTS;MAXIAGRO SRL;20.0;lt;corregido por Harold;960
MAXI-00026;HIYIELD K 500 X 5 LTS;MAXIAGRO SRL;5.0;lt;corregido por Harold;720
MAXI-00027;LANCER 97 OF x 1 Kg.;MAXIAGRO SRL;1.0;kg;x;600
MAXI-00028;LATHRIN X 1 Lt.;MAXIAGRO SRL;1.0;lt;x;600
MAXI-00029;LUPROFEN X 5 Lts.;MAXIAGRO SRL;5.0;lt;x;720
MAXI-00030;MANCOPART x 25 Kgs.;MAXIAGRO SRL;25.0;kg;x;600
MAXI-00032;MATAPOL X 500 GRS;MAXIAGRO SRL;500.0;gr;x;600
MAXI-00033;METHOMIX X 1 Kg.;MAXIAGRO SRL;1.0;kg;x;600
MAXI-00034;MULTIGIBE X 500 ML;MAXIAGRO SRL;500.0;ml;x;600
MAXI-00035;OK-155+ZINC x 1 Lt.;MAXIAGRO SRL;1.0;lt;x;600
MAXI-00036;PARASOL 27 X 20 Lts.;MAXIAGRO SRL;20.0;lt;corregido por Harold;960
MAXI-00037;PESOVER X 1 Kg.;MAXIAGRO SRL;1.0;kg;x;600
MAXI-00038;POTENZA K x 20 Lts.;MAXIAGRO SRL;20.0;lt;x;960
MAXI-00039;REZIM XTRA X 10 Kgs.;MAXIAGRO SRL;10.0;kg;x;600
MAXI-00040;RINDEMAX PLATINIUM PLUS x 20 Lts.;MAXIAGRO SRL;20.0;lt;x;960
MAXI-00041;RINDEMAX PLATINIUM PLUS x 5 Lts.;MAXIAGRO SRL;5.0;lt;x;720
MAXI-00042;RINDEMAX PLATINIUM X 20 Lts;MAXIAGRO SRL;20.0;lt;x;960
MAXI-00043;ROCKOT EXTRA x 1 Kg.;MAXIAGRO SRL;1.0;kg;x;600
MAXI-00044;SINOCLOR X 20 Lts.;MAXIAGRO SRL;20.0;lt;x;960
MAXI-00045;S-MOTIVE X 20 Lts;MAXIAGRO SRL;20.0;lt;x;960
MAXI-00046;STARFIX x 3 Lts.;MAXIAGRO SRL;3.0;lt;x;720
MAXI-00047;TAPIR X 10 Kgs.;MAXIAGRO SRL;10.0;kg;x;600
MAXI-00048;TAURUS x 200 Grs.;MAXIAGRO SRL;200.0;gr;x;600
MAXI-00049;TEBUNOX X 5 Lts.;MAXIAGRO SRL;5.0;lt;x;720
MAXI-00050;THIAMETOZIX x 1 Kg.;MAXIAGRO SRL;1.0;kg;x;720
MAXI-00051;THIODIX X 1 Kg.;MAXIAGRO SRL;1.0;kg;x;600
MAXI-00052;UNIZEB X 10 Kgs.;MAXIAGRO SRL;10.0;kg;x;600
MAXI-00053;WINQUAT X 20 LTS;MAXIAGRO SRL;20.0;lt;x;960
SOGI-00001;BOLSAS DE TORTA DE SOYA;SOGIMA SRL;;uds (sin presentacion);uds (confirmado por Harold);1000
TCML-00002;2,4-D AMINA x 20 LTS;TECNOMYL S.A;20.0;lt;x;960
TCML-00003;ACTION OIL x 20 Lts.;TECNOMYL S.A;20.0;lt;x;960
TCML-00004;ACTION OIL x 5 LT;TECNOMYL S.A;5.0;lt;x;720
TCML-00005;APACHE x 5 LT.;TECNOMYL S.A;5.0;lt;x;720
TCML-00006;ATRAMYL 50 SC x 20 Lt.;TECNOMYL S.A;20.0;lt;x;960
TCML-00007;BELLATOR MAX x 5 LTS;TECNOMYL S.A;5.0;lt;x;720
TCML-00009;BELLATOR x 5 Lts.;TECNOMYL S.A;5.0;lt;x;720
TCML-00010;BUSHKILL DUO x 20 Lts.;TECNOMYL S.A;20.0;lt;x;960
TCML-00011;BUSHKILL x 20 Lts.;TECNOMYL S.A;20.0;lt;x;960
TCML-00012;DAGGER X 5 LTS;TECNOMYL S.A;5.0;lt;x;720
TCML-00013;DEFENDER x 5 Lt.;TECNOMYL S.A;5.0;lt;x;720
TCML-00014;DESEQUAT x 20 LT.;TECNOMYL S.A;20.0;lt;x;960
TCML-00015;FLAYING x 1 Lt.;TECNOMYL S.A;1.0;lt;x;600
TCML-00017;FUNGIMYL DUO x 5 LT;TECNOMYL S.A;5.0;lt;x;720
TCML-00018;GENESIS x 5 Lt.;TECNOMYL S.A;5.0;lt;x;720
TCML-00019;GENIO 10 SL x 5 Lt.;TECNOMYL S.A;5.0;lt;x;720
TCML-00020;MURALLA 60  x 20 Lt.;TECNOMYL S.A;20.0;lt;corregido por Harold;960
TCML-00021;NOCTUR PLUS 25 SC x 5 LTS.;TECNOMYL S.A;5.0;lt;x;720
TCML-00022;ONE DROP X 1 Lt.;TECNOMYL S.A;1.0;lt;x;600
TCML-00023;ONLY 60 SC 5 Lts.;TECNOMYL S.A;5.0;lt;suelto;720
TCML-00024;ONLY 60 SC X 1 Lt.;TECNOMYL S.A;1.0;lt;x;600
TCML-00025;ONLY MAX x 5 Lts.;TECNOMYL S.A;5.0;lt;x;720
TCML-00026;PHOENIX MAX x 5 LT.;TECNOMYL S.A;5.0;lt;x;720
TCML-00027;PROSOY MAX x 10 Lts.;TECNOMYL S.A;10.0;lt;x;720
TCML-00028;PROSOY TOTAL x 10 Lts;TECNOMYL S.A;10.0;lt;x;720
TCML-00029;PROSOY TRIO x 5 Lt.;TECNOMYL S.A;5.0;lt;x;720
TCML-00030;PYTON x 20 LTS.;TECNOMYL S.A;20.0;lt;x;960
TCML-00031;QUALITAT x 5 Kgs.;TECNOMYL S.A;5.0;kg;x;720
TCML-00033;REGULATOR TM x 5 Lt.;TECNOMYL S.A;5.0;lt;x;720
TCML-00034;SELETOBOL x 20 LTS;TECNOMYL S.A;20.0;lt;x;960
TCML-00035;SELETOBOL x 5 LtS.;TECNOMYL S.A;5.0;lt;x;720
TCML-00036;SLIKON X 500 ML;TECNOMYL S.A;500.0;ml;x;1000
TCML-00037;SPILL DROP TM X 1 LT;TECNOMYL S.A;1.0;lt;x;600
TCML-00038;STARK NKS X 20 Lts.;TECNOMYL S.A;20.0;lt;x;960
TCML-00039;STARK NKS X 5 Lts.;TECNOMYL S.A;5.0;lt;x;720
TCML-00040;STORM X 1 Lt.;TECNOMYL S.A;1.0;lt;x;600
TCML-00041;STORM X 5 Lts.;TECNOMYL S.A;5.0;lt;x;720
TCML-00042;SUPERFORTE 1 LT;TECNOMYL S.A;1.0;lt;suelto;600
TCML-00043;SUPERFORTE x 5 LT;TECNOMYL S.A;5.0;lt;x;720
TCML-00044;TECNOQUAT SL x 20 Lts.;TECNOMYL S.A;20.0;lt;x;960
TCML-00045;TECNUP PREMIUM SL x 20 Lt.;TECNOMYL S.A;20.0;lt;x;960
TCML-00046;TECNUP PREMIUN 2 x 20 Lt.;TECNOMYL S.A;20.0;lt;corregido por Harold;960
TCML-00047;TODYM TOP x 5 LT.;TECNOMYL S.A;5.0;lt;x;720
TCML-00048;TRIPLO X x 5 Kgs.;TECNOMYL S.A;5.0;kg;x;720
TCML-00049;VIGGORA  TM x 5 Lt.;TECNOMYL S.A;5.0;lt;x;720
TCML-00050;VIGGORA TM x 20 Lt.;TECNOMYL S.A;20.0;lt;x;960
TCML-00051;VIGILANT X 5 Lts;TECNOMYL S.A;5.0;lt;x;720
TCML-00052;ZAPPIT X 250 ML;TECNOMYL S.A;250.0;ml;x;1000
TCML-00053;ZAPPIT x 5 LITRO;TECNOMYL S.A;5.0;lt;x;720
TCML-00054;BIDON BLANCO HDPE 20 LTS. (TCML);TECNOMYL (REPROCESO);20.0;lt;suelto;960
TCML-00055;CAJAS C95 4x5 LT.;TECNOMYL (REPROCESO);;uds (sin presentacion);uds (confirmado por Harold);720
TCML-00056;CAJAS PROVITTA (12x1 Lt9;TECNOMYL (REPROCESO);;uds (sin presentacion);uds (confirmado por Harold);600
TCML-00057;CAJASPROVITTA C95 (4X5Lts);TECNOMYL (REPROCESO);;uds (sin presentacion);uds (confirmado por Harold);720
TCML-00058;MATERIAL DE EMBALAJE;TECNOMYL (REPROCESO);;uds (sin presentacion);uds (confirmado por Harold);
TCML-00059;ONLY MAX x 5 Lts.;TECNOMYL (REPROCESO);5.0;lt;x;720
TCML-00060;TAPA D63 CON HUJUELA DE ALUM.;TECNOMYL (REPROCESO);;uds (sin presentacion);uds (confirmado por Harold);
TOAG-00001;LA TIJERETA BOX x 15 Kgs.;TOTAL AGRO S.A;15.0;kg;x;960
TOPE-00001;PECMACH X 1 Lt.;TOTAL PEC SRL;1.0;lt;x;600
TOPE-00002;TOTALMINA X 1 Lt.;TOTAL PEC SRL;1.0;lt;x;600
UPLB-00001;BISECT X 5 LTS. (BIFENTHRIN 10%EC) (5091563);UPL BOLIVIA SRL;5.0;lt;x;720
UPLB-00002;CAMPEON (2,4D-ACID 720G/L SL) 20L_BO_TP (5170112);UPL BOLIVIA SRL;20.0;lt;corregido por Harold;960
UPLB-00003;CAMPEON X 5 Lts (2,4D- ACID 720G/L SL) (5901449);UPL BOLIVIA SRL;5.0;lt;x;720
UPLB-00004;COMITE 720 EC (4x5) BOLIVIA (6251028);UPL BOLIVIA SRL;5.0;lt;corregido por Harold;720
UPLB-00005;DINAMIC (4x5) EXP. BOLIVIA (6251074);UPL BOLIVIA SRL;5.0;kg;corregido por Harold;600
UPLB-00006;DIZONE_10KG_BO_HK(5900592);UPL BOLIVIA SRL;10.0;kg;corregido por Harold;960
UPLB-00007;GAINEXA - 1Lt_NI (5120374);UPL BOLIVIA SRL;1.0;lt;corregido por Harold;600
UPLB-00008;HOLDOWN 436 CS x 20_ PY(6220767);UPL BOLIVIA SRL;20.0;lt;corregido por Harold;960
UPLB-00009;KALACH MAX 75.7% X 10 Kgs. (5030126);UPL BOLIVIA SRL;10.0;kg;x;600
UPLB-00010;KASUMIN (4X5) BOLIVIA (6251057);UPL BOLIVIA SRL;5.0;lt;corregido por Harold;720
UPLB-00011;K-INTENS_10 Kg. POR BOLSA_ PY (6031233);UPL BOLIVIA SRL;10.0;kg;suelto;600
UPLB-00012;K-TIONIC (2X10 L) _BOL (6031639)(FERTILIZANTE);UPL BOLIVIA SRL;10.0;lt;corregido por Harold;720
UPLB-00013;LASCAR (CPP 48%EC) 10 L_TP (6609023);UPL BOLIVIA SRL;10.0;lt;corregido por Harold;720
UPLB-00014;LAVA 800 WG  10 KG_BO_HK (5900593);UPL BOLIVIA SRL;10.0;kg;corregido por Harold;600
UPLB-00015;LIFELINE MEGA EX20 (6398908);UPL BOLIVIA SRL;20.0;lt;corregido por Harold;960
UPLB-00016;POLIQUEL Ca EX10 (6031748);UPL BOLIVIA SRL;10.0;lt;corregido por Harold;720
UPLB-00017;POTENZA x 5 Kg_BO (5902826);UPL BOLIVIA SRL;5.0;kg;corregido por Harold;600
UPLB-00018;PRODENCE P37.5+MZ525+A37.5 WG 10 Kg. PY(6306451);UPL BOLIVIA SRL;10.0;kg;suelto;960
UPLB-00019;RIZCREAM x 4 Lt_BO (5902825);UPL BOLIVIA SRL;4.0;lt;corregido por Harold;720
UPLB-00020;SPERTO (BIFEN 25%+ACETA 25%WG) 1KG_BO (6303068);UPL BOLIVIA SRL;1.0;kg;corregido por Harold;960
UPLB-00021;STRIM (S-METOLACHLOR 960EC)4x5Lt_BO (6303840);UPL BOLIVIA SRL;5.0;lt;corregido por Harold;720
UPLB-00022;TRICOR (METRIBUZIN 48%SC) 2x5LTR_BO (6303927);UPL BOLIVIA SRL;5.0;lt;corregido por Harold;720
UPLB-00023;TRIPZIN (PENDI34.8%+METRI13.2%+ZC)20LTR_BO (5900577);UPL BOLIVIA SRL;20.0;lt;corregido por Harold;960
UPLB-00024;TSUNAMI (FLUROXYPYR 200EC)_5LT_BO (5900577);UPL BOLIVIA SRL;5.0;lt;corregido por Harold;720
UPLB-00025;UNIZEB (MANCOZEB 80WP) X 25KG BO (6181651);UPL BOLIVIA SRL;25.0;kg;x;600
UPLB-00026;UNIZEB GOLD (MANCOZEB750WG) 15 KG BAG_BO (6304327);UPL BOLIVIA SRL;15.0;kg;suelto;600
UPLB-00027;UNIZEB UPLIIFT TRIO (MCZPTH TRF 602WG)10 Kg_BO (6398675);UPL BOLIVIA SRL;10.0;kg;corregido por Harold;960
UPLB-00028;UP STAGE (CLOMAZONE 50%EC) 5 Lts_BO (751070);UPL BOLIVIA SRL;5.0;lt;corregido por Harold;720
UPLB-00029;UPLIFT TRIO (MCZ TH TRF PTH TRF 602WG)2x10 Kk_BO (6307251);UPL BOLIVIA SRL;10.0;kg;corregido por Harold;960
UPLB-00036;FITOBOLIC 5 L (4X5 L) (6032208);UPL BOLIVIA SRL;5.0;lt;corregido por Harold;720
ZEBI-00001;EVOLUTION x 1 Kg.;ZENTTA-BIO SRL;1.0;kg;x;600
ZEBI-00002;EVOLUTION X10 Kgs.;ZENTTA-BIO SRL;10.0;kg;x;600
ZEBI-00003;FOIL MAX x 20 Lts.;ZENTTA-BIO SRL;20.0;lt;x;960
ZEBI-00004;NOVASPRING x 500 grs.;ZENTTA-BIO SRL;500.0;gr;x;600
ZEBI-00005;SMART FOIL x 1 Lt.;ZENTTA-BIO SRL;1.0;lt;x;600
ZEBI-00006;SMART FOIL X 20 Lts.;ZENTTA-BIO SRL;20.0;lt;x;960
ZEBI-00007;ZELENO x 20 Lts.;ZENTTA-BIO SRL;20.0;lt;x;960
